Feature,Importance
SST (°C),0.618694220300259
Longitude,0.12294278137699399
pH Level,0.11751776623142125
Latitude,0.10400071241971426
Bleaching Severity,0.0315699451356288
Marine Heatwave,0.005274574535982545
